<?xml version="1.0" encoding="UTF-8"?>
<sltp_editor version="1.1" packageUris="http://schema.mathworks.com/mf0/DiagramEditor/R2019a_20181107 http://schema.mathworks.com/mf0/SltpSyntax/R2021b_202101212121">
  <sltp.mm.syntax.Context type="sltp.mm.syntax.Context" uuid="ca75a3b9-166a-4c06-96c0-b1ca29747c73">
    <globalData type="sltp.mm.syntax.GlobalData" uuid="e2d99b38-977b-4b43-9888-19d8f8b59cb5">
      <dataName>portVoltage In</dataName>
      <type>RootInport</type>
    </globalData>
    <globalData type="sltp.mm.syntax.GlobalData" uuid="fc177986-5a1f-4289-8adf-8536e226861a">
      <dataName>portstate out</dataName>
      <type>RootOutport</type>
    </globalData>
    <globalData type="sltp.mm.syntax.GlobalData" uuid="61ccab88-c3d1-48ee-880f-50da6d6ed335">
      <dataName>portu</dataName>
      <type>RootInport</type>
    </globalData>
    <globalData type="sltp.mm.syntax.GlobalData" uuid="ff55359c-e489-4cc5-92de-b8498b4c210b">
      <dataName>porty1</dataName>
      <type>RootOutport</type>
    </globalData>
    <rootGraph type="sltp.mm.syntax.Graph" uuid="9d6ad5d9-9358-465d-9436-18edc3385aee">
      <children type="sltp.mm.syntax.Node" uuid="19dd5ed2-c442-4d52-b586-0e1d881c2d82">
        <priority>40</priority>
        <rates type="sltp.mm.syntax.RateData">
          <color>#000000</color>
          <hasBlocks>true</hasBlocks>
          <rate>0</rate>
          <title>Cont</title>
        </rates>
        <rates type="sltp.mm.syntax.RateData">
          <color>#808080</color>
          <hasBlocks>true</hasBlocks>
          <rate>[0, 1]</rate>
          <title>FiM</title>
        </rates>
        <title>Cont</title>
        <type>base</type>
        <diagramElement type="diagram.editor.model.Entity" uuid="7d1f030a-90f3-4ce7-9bd0-be09487fdb07"/>
        <subgraph type="sltp.mm.syntax.Graph" uuid="08be86d8-9b62-46d7-8107-8e073b8363a8">
          <title>Cont</title>
          <diagramElement type="diagram.editor.model.Diagram" uuid="07517451-167c-49eb-b090-e906f2494aca"/>
        </subgraph>
      </children>
      <title>Default</title>
      <diagramElement type="diagram.editor.model.Diagram" uuid="7046de32-678c-445f-8b12-bc9814811d25"/>
    </rootGraph>
  </sltp.mm.syntax.Context>
  <diagram.editor.model.Diagram type="diagram.editor.model.Diagram" uuid="7046de32-678c-445f-8b12-bc9814811d25">
    <entities type="diagram.editor.model.Entity" uuid="7d1f030a-90f3-4ce7-9bd0-be09487fdb07">
      <position>0,0</position>
      <size>0,0,0,0</size>
      <syntaxElement type="sltp.mm.syntax.Node" uuid="19dd5ed2-c442-4d52-b586-0e1d881c2d82"/>
      <title>Cont</title>
      <type>base</type>
      <subDiagram type="diagram.editor.model.Diagram" uuid="07517451-167c-49eb-b090-e906f2494aca">
        <position>0,0</position>
        <syntaxElement type="sltp.mm.syntax.Graph" uuid="08be86d8-9b62-46d7-8107-8e073b8363a8"/>
        <title>Cont</title>
        <type>graph.Graph</type>
      </subDiagram>
    </entities>
    <syntaxElement type="sltp.mm.syntax.Graph" uuid="9d6ad5d9-9358-465d-9436-18edc3385aee"/>
    <title>Default</title>
    <type>graph.Graph</type>
  </diagram.editor.model.Diagram>
</sltp_editor>