<?xml version="1.0" encoding="UTF-8"?>
<sltp_graph version="1.1" packageUris="http://schema.mathworks.com/mf0/sltp_mm/R2021b_202106150630">
  <sltp.mm.core.Context type="sltp.mm.core.Context" uuid="dea7c580-0939-4c36-8f30-aed2f0937115">
    <globalData type="sltp.mm.core.GlobalData" uuid="dfae6b3e-372d-45fe-badd-aa9c00e1a3ec">
      <dataName>portVoltage In</dataName>
      <type>RootInport</type>
    </globalData>
    <globalData type="sltp.mm.core.GlobalData" uuid="9b3a1953-0a1f-4258-82be-fc883fd7a380">
      <dataName>portstate out</dataName>
      <type>RootOutport</type>
    </globalData>
    <globalData type="sltp.mm.core.GlobalData" uuid="ab84d64d-6493-4394-ab83-869d6b915aa1">
      <dataName>portu</dataName>
      <type>RootInport</type>
    </globalData>
    <globalData type="sltp.mm.core.GlobalData" uuid="5c1a855d-659a-459d-8a7f-33f5445faf50">
      <dataName>porty1</dataName>
      <type>RootOutport</type>
    </globalData>
    <priorityDirection>HighNumberLast</priorityDirection>
    <editorState type="sltp.mm.core.EditorState" uuid="3429ef35-ff8f-40e9-9e53-88ef0319603d">
      <isSynchronized>true</isSynchronized>
      <panelState type="sltp.mm.core.EditorPanelState" uuid="4d0a93cc-e9a0-4489-8f2d-c729ee71b0ac"/>
    </editorState>
    <rootTask type="sltp.mm.core.Task" uuid="4c907900-058e-41e8-aeb9-488e00c1b0a4">
      <context type="sltp.mm.core.Context" uuid="dea7c580-0939-4c36-8f30-aed2f0937115"/>
      <explicit>false</explicit>
      <name>Default</name>
      <priority>-2147483648</priority>
      <subgraph type="sltp.mm.core.Graph" uuid="4aebe638-570b-44d5-9b48-d926072319a6">
        <tasks type="sltp.mm.core.Task" uuid="0d27ed53-793e-48f8-a7c7-32dd1fe28751">
          <baseTask>true</baseTask>
          <context type="sltp.mm.core.Context" uuid="dea7c580-0939-4c36-8f30-aed2f0937115"/>
          <explicit>false</explicit>
          <id>1</id>
          <isTimed>true</isTimed>
          <name>Cont</name>
          <priority>40</priority>
          <rates type="sltp.mm.core.Rate" uuid="bfbbefe0-777c-4a95-aaf5-227aeaa23bce">
            <annotation>Cont</annotation>
            <color>255</color>
            <hasBlocks>true</hasBlocks>
            <identifier>Continuous00</identifier>
            <rateSpec type="sltp.mm.core.RateSpec">
              <period>0.0</period>
            </rateSpec>
            <sti>0</sti>
          </rates>
          <rates type="sltp.mm.core.Rate" uuid="e5617175-0932-480a-bf22-5a3a86e4838b">
            <annotation>FiM</annotation>
            <color>-2139062017</color>
            <hasBlocks>true</hasBlocks>
            <rateSpec type="sltp.mm.core.RateSpec">
              <offset>1.0</offset>
              <period>0.0</period>
            </rateSpec>
            <sti>1</sti>
          </rates>
        </tasks>
      </subgraph>
    </rootTask>
  </sltp.mm.core.Context>
</sltp_graph>