<?xml version="1.0" encoding="utf-8"?>
<System>
  <P Name="Location">[-6, 0, 775, 822]</P>
  <P Name="SystemRect">[0.000000, 0.000000, 0.000000, 0.000000]</P>
  <P Name="Open">on</P>
  <P Name="SetExecutionDomain">off</P>
  <P Name="ExecutionDomainType">Deduce</P>
  <P Name="ZoomFactor">89</P>
  <P Name="SimulinkSubDomain">Simulink</P>
  <Block BlockType="Inport" Name="u" SID="43">
    <P Name="Position">[650, -27, 680, -13]</P>
    <P Name="ZOrder">316</P>
  </Block>
  <Block BlockType="Fcn" Name="Compute_i_dot" SID="60">
    <P Name="Position">[900, 120, 960, 150]</P>
    <P Name="ZOrder">330</P>
    <P Name="BlockMirror">on</P>
    <P Name="Expr">u(4)-3*u(3)</P>
  </Block>
  <Block BlockType="Fcn" Name="Compute_y_dot_dot" SID="62">
    <P Name="Position">[845, -380, 905, -350]</P>
    <P Name="ZOrder">331</P>
    <P Name="BlockMirror">on</P>
    <P Name="Expr">19.5938*u(1)-6.26*u(3)</P>
  </Block>
  <Block BlockType="Mux" Name="Mux" SID="46">
    <P Name="Ports">[3, 1]</P>
    <P Name="Position">[1245, -180, 1250, 0]</P>
    <P Name="ZOrder">320</P>
    <P Name="Inputs">3</P>
    <P Name="DisplayOption">bar</P>
  </Block>
  <Block BlockType="Mux" Name="Mux1" SID="47">
    <P Name="Ports">[4, 1]</P>
    <P Name="Position">[1050, -180, 1055, 5]</P>
    <P Name="ZOrder">321</P>
    <P Name="DisplayOption">bar</P>
  </Block>
  <Block BlockType="Integrator" Name="i" SID="48">
    <P Name="Ports">[1, 1]</P>
    <P Name="Position">[860, 25, 890, 55]</P>
    <P Name="ZOrder">319</P>
  </Block>
  <Block BlockType="Integrator" Name="y" SID="49">
    <P Name="Ports">[1, 1]</P>
    <P Name="Position">[915, -250, 945, -220]</P>
    <P Name="ZOrder">317</P>
  </Block>
  <Block BlockType="Integrator" Name="y_dot" SID="50">
    <P Name="Ports">[1, 1]</P>
    <P Name="Position">[815, -250, 845, -220]</P>
    <P Name="ZOrder">318</P>
  </Block>
  <Block BlockType="Outport" Name="state out" SID="51">
    <P Name="Position">[1345, -97, 1375, -83]</P>
    <P Name="ZOrder">315</P>
  </Block>
  <Line>
    <P Name="ZOrder">85</P>
    <P Name="Src">62#out:1</P>
    <P Name="Points">[-40, 0]</P>
    <P Name="Dst">50#in:1</P>
  </Line>
  <Line>
    <P Name="ZOrder">38</P>
    <P Name="Src">49#out:1</P>
    <P Name="Points">[31, 0]</P>
    <Branch>
      <P Name="ZOrder">37</P>
      <P Name="Points">[0, 80]</P>
      <P Name="Dst">47#in:1</P>
    </Branch>
    <Branch>
      <P Name="ZOrder">36</P>
      <P Name="Points">[177, 0; 0, 85]</P>
      <P Name="Dst">46#in:1</P>
    </Branch>
  </Line>
  <Line>
    <P Name="ZOrder">42</P>
    <P Name="Src">50#out:1</P>
    <P Name="Points">[25, 0]</P>
    <Branch>
      <P Name="ZOrder">41</P>
      <P Name="Points">[0, 125]</P>
      <P Name="Dst">47#in:2</P>
    </Branch>
    <Branch>
      <P Name="ZOrder">40</P>
      <P Name="Points">[0, -44; 232, 0; 0, 189]</P>
      <P Name="Dst">46#in:2</P>
    </Branch>
    <Branch>
      <P Name="ZOrder">39</P>
      <P Name="Dst">49#in:1</P>
    </Branch>
  </Line>
  <Line>
    <P Name="ZOrder">45</P>
    <P Name="Src">48#out:1</P>
    <P Name="Points">[73, 0]</P>
    <Branch>
      <P Name="ZOrder">44</P>
      <P Name="Points">[0, -105]</P>
      <P Name="Dst">47#in:3</P>
    </Branch>
    <Branch>
      <P Name="ZOrder">43</P>
      <P Name="Points">[190, 0; 0, -70]</P>
      <P Name="Dst">46#in:3</P>
    </Branch>
  </Line>
  <Line>
    <P Name="ZOrder">49</P>
    <P Name="Src">43#out:1</P>
    <P Name="Dst">47#in:4</P>
  </Line>
  <Line>
    <P Name="ZOrder">80</P>
    <P Name="Src">60#out:1</P>
    <P Name="Points">[-50, 0]</P>
    <P Name="Dst">48#in:1</P>
  </Line>
  <Line>
    <P Name="ZOrder">51</P>
    <P Name="Src">46#out:1</P>
    <P Name="Dst">51#in:1</P>
  </Line>
  <Line>
    <P Name="ZOrder">48</P>
    <P Name="Src">47#out:1</P>
    <P Name="Points">[19, 0]</P>
    <Branch>
      <P Name="ZOrder">86</P>
      <P Name="Points">[0, -280]</P>
      <P Name="Dst">62#in:1</P>
    </Branch>
    <Branch>
      <P Name="ZOrder">79</P>
      <P Name="Points">[0, 220]</P>
      <P Name="Dst">60#in:1</P>
    </Branch>
  </Line>
</System>
