<?xml version="1.0" encoding="utf-8"?>
<System>
  <P Name="Location">[-6, 0, 775, 822]</P>
  <P Name="SystemRect">[0.000000, 0.000000, 0.000000, 0.000000]</P>
  <P Name="SetExecutionDomain">off</P>
  <P Name="ExecutionDomainType">Deduce</P>
  <P Name="ZoomFactor">128</P>
  <P Name="ReportName">simulink-default.rpt</P>
  <P Name="SIDHighWatermark">62</P>
  <P Name="SimulinkSubDomain">Simulink</P>
  <Block BlockType="Demux" Name="Demux" SID="20">
    <P Name="Ports">[1, 3]</P>
    <P Name="Position">[1710, 858, 1715, 1082]</P>
    <P Name="ZOrder">308</P>
    <P Name="Outputs">3</P>
  </Block>
  <Block BlockType="SubSystem" Name="Magnetic Ball-Suspension System" SID="21">
    <P Name="Ports">[1, 1]</P>
    <P Name="Position">[1435, 890, 1655, 1050]</P>
    <P Name="ZOrder">311</P>
    <P Name="RequestExecContextInheritance">off</P>
    <P Name="ContentPreviewEnabled">on</P>
    <System Ref="system_21"/>
  </Block>
  <Block BlockType="Scope" Name="Scope" SID="53">
    <P Name="Ports">[1]</P>
    <P Name="Position">[1825, 879, 1855, 911]</P>
    <P Name="ZOrder">313</P>
    <P Name="ScopeSpecificationString">Simulink.scopes.TimeScopeBlockCfg(&apos;CurrentConfiguration&apos;, extmgr.ConfigurationSet(extmgr.Configuration(&apos;Core&apos;,&apos;General UI&apos;,true,&apos;FigureColor&apos;,[1 1 1]),extmgr.Configuration(&apos;Core&apos;,&apos;Source UI&apos;,true),extmgr.Configuration(&apos;Sources&apos;,&apos;WiredSimulink&apos;,true),extmgr.Configuration(&apos;Visuals&apos;,&apos;Time Domain&apos;,true,&apos;SerializedDisplays&apos;,{struct(&apos;MinYLimReal&apos;,&apos;-169.15612&apos;,&apos;MaxYLimReal&apos;,&apos;18.79512&apos;,&apos;YLabelReal&apos;,&apos;&apos;,&apos;MinYLimMag&apos;,&apos; 0.00000&apos;,&apos;MaxYLimMag&apos;,&apos;169.15612&apos;,&apos;LegendVisibility&apos;,&apos;Off&apos;,&apos;XGrid&apos;,true,&apos;YGrid&apos;,true,&apos;PlotMagPhase&apos;,false,&apos;AxesColor&apos;,[1 1 1],&apos;AxesTickColor&apos;,[0.686274509803922 0.686274509803922 0.686274509803922],&apos;ColorOrder&apos;,[0 0.447058823529412 0.741176470588235;0.850980392156863 0.325490196078431 0.0980392156862745;0.929411764705882 0.694117647058824 0.125490196078431;0.494117647058824 0.184313725490196 0.556862745098039;0.466666666666667 0.674509803921569 0.188235294117647;0.301960784313725 0.745098039215686 0.933333333333333;0.635294117647059 0.0784313725490196 0.184313725490196],&apos;Title&apos;,&apos;%&lt;SignalLabel&gt;&apos;,&apos;LinePropertiesCache&apos;,{{struct(&apos;Color&apos;,[0 0 1],&apos;LineStyle&apos;,&apos;-&apos;,&apos;LineWidth&apos;,0.75,&apos;Marker&apos;,&apos;none&apos;,&apos;Visible&apos;,&apos;on&apos;)}},&apos;UserDefinedChannelNames&apos;,{{}},&apos;NumLines&apos;,1,&apos;LineNames&apos;,{{&apos;Demux/1&apos;}},&apos;ShowContent&apos;,true,&apos;Placement&apos;,1)},&apos;DisplayPropertyDefaults&apos;,struct(&apos;MinYLimReal&apos;,&apos;-169.15612&apos;,&apos;MaxYLimReal&apos;,&apos;18.79512&apos;,&apos;YLabelReal&apos;,&apos;&apos;,&apos;MinYLimMag&apos;,&apos; 0.00000&apos;,&apos;MaxYLimMag&apos;,&apos;169.15612&apos;,&apos;LegendVisibility&apos;,&apos;Off&apos;,&apos;XGrid&apos;,true,&apos;YGrid&apos;,true,&apos;PlotMagPhase&apos;,false,&apos;AxesColor&apos;,[1 1 1],&apos;AxesTickColor&apos;,[0.686274509803922 0.686274509803922 0.686274509803922],&apos;ColorOrder&apos;,[0.0745098039215686 0.623529411764706 1;1 0.411764705882353 0.16078431372549;1 1 0.0666666666666667;0.717647058823529 0.274509803921569 1;0.392156862745098 0.831372549019608 0.0745098039215686;0.0588235294117647 1 1;1 0.0745098039215686 0.650980392156863])),extmgr.Configuration(&apos;Tools&apos;,&apos;Plot Navigation&apos;,true),extmgr.Configuration(&apos;Tools&apos;,&apos;Measurements&apos;,true,&apos;Version&apos;,&apos;2021b&apos;)),&apos;Version&apos;,&apos;2021b&apos;,&apos;Position&apos;,[346.333333333333 121 560 420],&apos;LockDynamicWidgets&apos;,-1)</P>
    <P Name="NumInputPorts">1</P>
    <P Name="Floating">off</P>
  </Block>
  <Block BlockType="Step" Name="Step" SID="52">
    <P Name="Position">[1370, 955, 1400, 985]</P>
    <P Name="ZOrder">312</P>
    <P Name="Time">0</P>
    <P Name="SampleTime">0</P>
  </Block>
  <Block BlockType="Terminator" Name="Terminate i" SID="31">
    <P Name="Position">[1830, 1035, 1850, 1055]</P>
    <P Name="ZOrder">309</P>
  </Block>
  <Block BlockType="Terminator" Name="Terminate y_dot" SID="32">
    <P Name="Position">[1830, 960, 1850, 980]</P>
    <P Name="ZOrder">310</P>
  </Block>
  <Line>
    <P Name="ZOrder">35</P>
    <P Name="Src">20#out:3</P>
    <P Name="Dst">31#in:1</P>
  </Line>
  <Line>
    <P Name="ZOrder">36</P>
    <P Name="Src">20#out:2</P>
    <P Name="Dst">32#in:1</P>
  </Line>
  <Line>
    <P Name="ZOrder">47</P>
    <P Name="Src">20#out:1</P>
    <P Name="Dst">53#in:1</P>
  </Line>
  <Line>
    <P Name="ZOrder">46</P>
    <P Name="Src">52#out:1</P>
    <P Name="Dst">21#in:1</P>
  </Line>
  <Line>
    <P Name="ZOrder">44</P>
    <P Name="Src">21#out:1</P>
    <P Name="Dst">20#in:1</P>
  </Line>
</System>
