<?xml version="1.0" encoding="UTF-8" standalone="yes" ?>
<cp:coreProperties xmlns:cp="http://schemas.openxmlformats.org/package/2006/metadata/core-properties" xmlns:dc="http://purl.org/dc/elements/1.1/" xmlns:dcmitype="http://purl.org/dc/dcmitype/" xmlns:dcterms="http://purl.org/dc/terms/" xmlns:xsi="http://www.w3.org/2001/XMLSchema-instance">
  <cp:category>model</cp:category>
  <dcterms:created xsi:type="dcterms:W3CDTF">2020-09-09T18:09:34Z</dcterms:created>
  <dc:creator>gianlu</dc:creator>
  <cp:lastModifiedBy>duzun</cp:lastModifiedBy>
  <dcterms:modified xsi:type="dcterms:W3CDTF">2022-03-19T20:12:26Z</dcterms:modified>
  <cp:revision>5.1</cp:revision>
  <cp:version>R2021b</cp:version>
</cp:coreProperties>
