<?xml version="1.0" encoding="UTF-8"?>
<sltp_editor version="1.1" packageUris="http://schema.mathworks.com/mf0/DiagramEditor/R2019a_20181107 http://schema.mathworks.com/mf0/SltpSyntax/R2021b_202101212121">
  <diagram.editor.model.Diagram type="diagram.editor.model.Diagram" uuid="1efa2f61-0948-4483-9968-c1f41b2d882e">
    <entities type="diagram.editor.model.Entity" uuid="b5702b17-f90f-45a9-8dc3-5ff8a84289fe">
      <position>0,0</position>
      <size>0,0,0,0</size>
      <syntaxElement type="sltp.mm.syntax.Node" uuid="d255bb2a-5ea4-45a8-a834-a7a05f66af5b"/>
      <title>Cont</title>
      <type>base</type>
      <subDiagram type="diagram.editor.model.Diagram" uuid="02de7281-eb52-45a0-b0c9-60949ef7e8f7">
        <position>0,0</position>
        <syntaxElement type="sltp.mm.syntax.Graph" uuid="ed991843-bbc0-4563-ac21-193d96817f90"/>
        <title>Cont</title>
        <type>graph.Graph</type>
      </subDiagram>
    </entities>
    <syntaxElement type="sltp.mm.syntax.Graph" uuid="a2ddfc5b-213a-4ab9-b1ff-817590953535"/>
    <title>Default</title>
    <type>graph.Graph</type>
  </diagram.editor.model.Diagram>
  <sltp.mm.syntax.Context type="sltp.mm.syntax.Context" uuid="3612462d-fcf4-4f9d-acda-764c63f65c9f">
    <rootGraph type="sltp.mm.syntax.Graph" uuid="a2ddfc5b-213a-4ab9-b1ff-817590953535">
      <children type="sltp.mm.syntax.Node" uuid="d255bb2a-5ea4-45a8-a834-a7a05f66af5b">
        <priority>40</priority>
        <rates type="sltp.mm.syntax.RateData">
          <color>#000000</color>
          <hasBlocks>true</hasBlocks>
          <rate>0</rate>
          <title>Cont</title>
        </rates>
        <rates type="sltp.mm.syntax.RateData">
          <color>#e60000</color>
          <hasBlocks>true</hasBlocks>
          <rate>0.002</rate>
          <title>D1</title>
        </rates>
        <title>Cont</title>
        <type>base</type>
        <diagramElement type="diagram.editor.model.Entity" uuid="b5702b17-f90f-45a9-8dc3-5ff8a84289fe"/>
        <subgraph type="sltp.mm.syntax.Graph" uuid="ed991843-bbc0-4563-ac21-193d96817f90">
          <title>Cont</title>
          <diagramElement type="diagram.editor.model.Diagram" uuid="02de7281-eb52-45a0-b0c9-60949ef7e8f7"/>
        </subgraph>
      </children>
      <title>Default</title>
      <diagramElement type="diagram.editor.model.Diagram" uuid="1efa2f61-0948-4483-9968-c1f41b2d882e"/>
    </rootGraph>
  </sltp.mm.syntax.Context>
</sltp_editor>