<?xml version="1.0" encoding="UTF-8"?>
<sltp_graph version="1.1" packageUris="http://schema.mathworks.com/mf0/sltp_mm/R2021b_202106150630">
  <sltp.mm.core.Context type="sltp.mm.core.Context" uuid="968577a2-74b5-4535-9f10-6288048a017e">
    <priorityDirection>HighNumberLast</priorityDirection>
    <editorState type="sltp.mm.core.EditorState" uuid="0e2e81a7-81ab-4864-85d2-5c54b8103546">
      <isSynchronized>true</isSynchronized>
      <panelState type="sltp.mm.core.EditorPanelState" uuid="385f5fed-6556-4e1a-a901-2256b23520dd"/>
    </editorState>
    <rootTask type="sltp.mm.core.Task" uuid="76f001e0-9b00-44fb-a708-abba90a80dcc">
      <context type="sltp.mm.core.Context" uuid="968577a2-74b5-4535-9f10-6288048a017e"/>
      <explicit>false</explicit>
      <name>Default</name>
      <priority>-2147483648</priority>
      <subgraph type="sltp.mm.core.Graph" uuid="047a48a1-8363-4e3a-932c-c86875d5fb50">
        <tasks type="sltp.mm.core.Task" uuid="99e00df9-5ec7-4743-9699-8c0c37860e41">
          <baseTask>true</baseTask>
          <context type="sltp.mm.core.Context" uuid="968577a2-74b5-4535-9f10-6288048a017e"/>
          <explicit>false</explicit>
          <id>1</id>
          <isTimed>true</isTimed>
          <name>Cont</name>
          <priority>40</priority>
          <rates type="sltp.mm.core.Rate" uuid="a073b94c-c6ab-4aad-bc7b-2406e8edd1a0">
            <annotation>Cont</annotation>
            <color>255</color>
            <hasBlocks>true</hasBlocks>
            <rateSpec type="sltp.mm.core.RateSpec">
              <period>0.0</period>
            </rateSpec>
            <sti>0</sti>
          </rates>
          <rates type="sltp.mm.core.Rate" uuid="ccd9190a-ffe9-4361-993d-07a4ed9aca36">
            <annotation>D1</annotation>
            <color>-436207361</color>
            <hasBlocks>true</hasBlocks>
            <rateSpec type="sltp.mm.core.RateSpec">
              <period>.002</period>
            </rateSpec>
            <sti>1</sti>
          </rates>
        </tasks>
      </subgraph>
    </rootTask>
  </sltp.mm.core.Context>
</sltp_graph>