<?xml version="1.0" encoding="utf-8"?>
<System>
  <P Name="Location">[223, 338, 826, 833]</P>
  <P Name="SystemRect">[0.000000, 0.000000, 0.000000, 0.000000]</P>
  <P Name="SetExecutionDomain">off</P>
  <P Name="ExecutionDomainType">Deduce</P>
  <P Name="SIDHighWatermark">26</P>
  <P Name="SimulinkSubDomain">Simulink</P>
  <Block BlockType="Inport" Name="u" SID="7::1">
    <P Name="Position">[20, 101, 40, 119]</P>
    <P Name="ZOrder">-1</P>
  </Block>
  <Block BlockType="Inport" Name="v" SID="7::23">
    <P Name="Position">[20, 136, 40, 154]</P>
    <P Name="ZOrder">14</P>
    <P Name="Port">2</P>
  </Block>
  <Block BlockType="Inport" Name="x_dot" SID="7::22">
    <P Name="Position">[20, 171, 40, 189]</P>
    <P Name="ZOrder">13</P>
    <P Name="Port">3</P>
  </Block>
  <Block BlockType="Demux" Name=" Demux " SID="7::25">
    <P Name="Ports">[1, 1]</P>
    <P Name="Position">[270, 230, 320, 270]</P>
    <P Name="ZOrder">16</P>
    <P Name="Outputs">1</P>
  </Block>
  <Block BlockType="S-Function" Name=" SFunction " SID="7::24">
    <P Name="Tag">Stateflow S-Function 2</P>
    <P Name="Ports">[3, 2]</P>
    <P Name="Position">[180, 100, 230, 180]</P>
    <P Name="ZOrder">15</P>
    <P Name="FunctionName">sf_sfun</P>
    <P Name="PortCounts">[3 2]</P>
    <P Name="SFunctionDeploymentMode">off</P>
    <P Name="EnableBusSupport">on</P>
    <P Name="SFcnIsStateOwnerBlock">off</P>
    <Port>
      <P Name="PortNumber">2</P>
      <P Name="Name">xddot</P>
    </Port>
  </Block>
  <Block BlockType="Terminator" Name=" Terminator " SID="7::26">
    <P Name="Position">[460, 241, 480, 259]</P>
    <P Name="ZOrder">17</P>
  </Block>
  <Block BlockType="Outport" Name="xddot" SID="7::5">
    <P Name="Position">[460, 101, 480, 119]</P>
    <P Name="ZOrder">-5</P>
  </Block>
  <Line>
    <P Name="ZOrder">18</P>
    <P Name="Src">7::1#out:1</P>
    <P Name="Dst">7::24#in:1</P>
  </Line>
  <Line>
    <P Name="ZOrder">19</P>
    <P Name="Src">7::23#out:1</P>
    <P Name="Dst">7::24#in:2</P>
  </Line>
  <Line>
    <P Name="ZOrder">20</P>
    <P Name="Src">7::22#out:1</P>
    <P Name="Dst">7::24#in:3</P>
  </Line>
  <Line>
    <P Name="Name">xddot</P>
    <P Name="ZOrder">21</P>
    <P Name="Labels">[0, 0]</P>
    <P Name="Src">7::24#out:2</P>
    <P Name="Dst">7::5#in:1</P>
  </Line>
  <Line>
    <P Name="ZOrder">22</P>
    <P Name="Src">7::25#out:1</P>
    <P Name="Dst">7::26#in:1</P>
  </Line>
  <Line>
    <P Name="ZOrder">23</P>
    <P Name="Src">7::24#out:1</P>
    <P Name="Points">[20, 0]</P>
    <P Name="Dst">7::25#in:1</P>
  </Line>
</System>
