<?xml version="1.0" encoding="utf-8"?>
<System>
  <P Name="Location">[-6, 0, 775, 822]</P>
  <P Name="SystemRect">[0.000000, 0.000000, 0.000000, 0.000000]</P>
  <P Name="Open">on</P>
  <P Name="SetExecutionDomain">off</P>
  <P Name="ExecutionDomainType">Deduce</P>
  <P Name="ZoomFactor">113</P>
  <P Name="ReportName">simulink-default.rpt</P>
  <P Name="SIDHighWatermark">100</P>
  <P Name="SimulinkSubDomain">Simulink</P>
  <Block BlockType="Gain" Name="1/TI" SID="99">
    <P Name="Position">[-95, 80, -65, 110]</P>
    <P Name="ZOrder">326</P>
    <P Name="Gain">1/0.07</P>
  </Block>
  <Block BlockType="Constant" Name="Constant" SID="37">
    <P Name="Position">[-5, 215, 10, 235]</P>
    <P Name="ZOrder">311</P>
    <P Name="Value">0</P>
  </Block>
  <Block BlockType="Integrator" Name="Integrator" SID="98">
    <P Name="Ports">[1, 1]</P>
    <P Name="Position">[-155, 80, -125, 110]</P>
    <P Name="ZOrder">325</P>
  </Block>
  <Block BlockType="Gain" Name="K" SID="96">
    <P Name="Position">[-215, 185, -185, 215]</P>
    <P Name="ZOrder">323</P>
    <P Name="Gain">50</P>
  </Block>
  <Block BlockType="Scope" Name="Scope" SID="85">
    <P Name="Ports">[1]</P>
    <P Name="Position">[220, 129, 250, 161]</P>
    <P Name="ZOrder">312</P>
    <P Name="ScopeSpecificationString">Simulink.scopes.TimeScopeBlockCfg(&apos;CurrentConfiguration&apos;, extmgr.ConfigurationSet(extmgr.Configuration(&apos;Core&apos;,&apos;General UI&apos;,true),extmgr.Configuration(&apos;Core&apos;,&apos;Source UI&apos;,true),extmgr.Configuration(&apos;Sources&apos;,&apos;WiredSimulink&apos;,true),extmgr.Configuration(&apos;Visuals&apos;,&apos;Time Domain&apos;,true,&apos;SerializedDisplays&apos;,{struct(&apos;MinYLimReal&apos;,&apos;-1.41269&apos;,&apos;MaxYLimReal&apos;,&apos;0.15697&apos;,&apos;YLabelReal&apos;,&apos;&apos;,&apos;MinYLimMag&apos;,&apos;0.00000&apos;,&apos;MaxYLimMag&apos;,&apos;1.41269&apos;,&apos;LegendVisibility&apos;,&apos;off&apos;,&apos;XGrid&apos;,true,&apos;YGrid&apos;,true,&apos;PlotMagPhase&apos;,false,&apos;AxesColor&apos;,[0 0 0],&apos;AxesTickColor&apos;,[0.686274509803922 0.686274509803922 0.686274509803922],&apos;ColorOrder&apos;,[1 1 0.0666666666666667;0.0745098039215686 0.623529411764706 1;1 0.411764705882353 0.16078431372549;0.392156862745098 0.831372549019608 0.0745098039215686;0.717647058823529 0.274509803921569 1;0.0588235294117647 1 1;1 0.0745098039215686 0.650980392156863],&apos;Title&apos;,&apos;%&lt;SignalLabel&gt;&apos;,&apos;LinePropertiesCache&apos;,{{}},&apos;UserDefinedChannelNames&apos;,{{}},&apos;NumLines&apos;,1,&apos;LineNames&apos;,{{&apos;position&apos;}},&apos;ShowContent&apos;,true,&apos;Placement&apos;,1)},&apos;DisplayPropertyDefaults&apos;,struct(&apos;MinYLimReal&apos;,&apos;-1.41269&apos;,&apos;MaxYLimReal&apos;,&apos;0.15697&apos;,&apos;YLabelReal&apos;,&apos;&apos;,&apos;MinYLimMag&apos;,&apos;0.00000&apos;,&apos;MaxYLimMag&apos;,&apos;1.41269&apos;,&apos;LegendVisibility&apos;,&apos;off&apos;,&apos;XGrid&apos;,true,&apos;YGrid&apos;,true,&apos;PlotMagPhase&apos;,false,&apos;AxesColor&apos;,[0 0 0],&apos;AxesTickColor&apos;,[0.686274509803922 0.686274509803922 0.686274509803922],&apos;ColorOrder&apos;,[0.0745098039215686 0.623529411764706 1;1 0.411764705882353 0.16078431372549;1 1 0.0666666666666667;0.717647058823529 0.274509803921569 1;0.392156862745098 0.831372549019608 0.0745098039215686;0.0588235294117647 1 1;1 0.0745098039215686 0.650980392156863])),extmgr.Configuration(&apos;Tools&apos;,&apos;Plot Navigation&apos;,true),extmgr.Configuration(&apos;Tools&apos;,&apos;Measurements&apos;,true,&apos;Version&apos;,&apos;2021b&apos;)),&apos;Version&apos;,&apos;2021b&apos;)</P>
    <P Name="NumInputPorts">1</P>
    <P Name="Floating">off</P>
  </Block>
  <Block BlockType="Scope" Name="Scope1" SID="86">
    <P Name="Ports">[2]</P>
    <P Name="Position">[220, 286, 250, 319]</P>
    <P Name="ZOrder">313</P>
    <P Name="ScopeSpecificationString">Simulink.scopes.TimeScopeBlockCfg(&apos;CurrentConfiguration&apos;, extmgr.ConfigurationSet(extmgr.Configuration(&apos;Core&apos;,&apos;General UI&apos;,true),extmgr.Configuration(&apos;Core&apos;,&apos;Source UI&apos;,true),extmgr.Configuration(&apos;Sources&apos;,&apos;WiredSimulink&apos;,true,&apos;DataLoggingVariableName&apos;,&apos;ScopeData1&apos;),extmgr.Configuration(&apos;Visuals&apos;,&apos;Time Domain&apos;,true,&apos;SerializedDisplays&apos;,{struct(&apos;MinYLimReal&apos;,&apos;-0.25&apos;,&apos;MaxYLimReal&apos;,&apos;0.25&apos;,&apos;YLabelReal&apos;,&apos;&apos;,&apos;MinYLimMag&apos;,&apos;0.00000&apos;,&apos;MaxYLimMag&apos;,&apos;0.25&apos;,&apos;LegendVisibility&apos;,&apos;off&apos;,&apos;XGrid&apos;,true,&apos;YGrid&apos;,true,&apos;PlotMagPhase&apos;,false,&apos;AxesColor&apos;,[0 0 0],&apos;AxesTickColor&apos;,[0.686274509803922 0.686274509803922 0.686274509803922],&apos;ColorOrder&apos;,[1 1 0.0666666666666667;0.0745098039215686 0.623529411764706 1;1 0.411764705882353 0.16078431372549;0.392156862745098 0.831372549019608 0.0745098039215686;0.717647058823529 0.274509803921569 1;0.0588235294117647 1 1;1 0.0745098039215686 0.650980392156863],&apos;Title&apos;,&apos;%&lt;SignalLabel&gt;&apos;,&apos;LinePropertiesCache&apos;,{{}},&apos;UserDefinedChannelNames&apos;,{{}},&apos;NumLines&apos;,2,&apos;LineNames&apos;,{{&apos;velocity&apos;,&apos;Signal Generator&apos;}},&apos;ShowContent&apos;,true,&apos;Placement&apos;,1)},&apos;DisplayPropertyDefaults&apos;,struct(&apos;MinYLimReal&apos;,&apos;-0.25&apos;,&apos;MaxYLimReal&apos;,&apos;0.25&apos;,&apos;YLabelReal&apos;,&apos;&apos;,&apos;MinYLimMag&apos;,&apos;0.00000&apos;,&apos;MaxYLimMag&apos;,&apos;0.25&apos;,&apos;LegendVisibility&apos;,&apos;off&apos;,&apos;XGrid&apos;,true,&apos;YGrid&apos;,true,&apos;PlotMagPhase&apos;,false,&apos;AxesColor&apos;,[0 0 0],&apos;AxesTickColor&apos;,[0.686274509803922 0.686274509803922 0.686274509803922],&apos;ColorOrder&apos;,[0.0745098039215686 0.623529411764706 1;1 0.411764705882353 0.16078431372549;1 1 0.0666666666666667;0.717647058823529 0.274509803921569 1;0.392156862745098 0.831372549019608 0.0745098039215686;0.0588235294117647 1 1;1 0.0745098039215686 0.650980392156863])),extmgr.Configuration(&apos;Tools&apos;,&apos;Plot Navigation&apos;,true),extmgr.Configuration(&apos;Tools&apos;,&apos;Measurements&apos;,true,&apos;Version&apos;,&apos;2021b&apos;)),&apos;Version&apos;,&apos;2021b&apos;)</P>
    <P Name="NumInputPorts">2</P>
    <P Name="Floating">off</P>
  </Block>
  <Block BlockType="SignalGenerator" Name="Signal&#xA;Generator" SID="87">
    <P Name="Ports">[0, 1]</P>
    <P Name="Position">[-345, 185, -315, 215]</P>
    <P Name="ZOrder">314</P>
    <P Name="WaveForm">square</P>
    <P Name="Amplitude">0.2</P>
    <P Name="Frequency">0.5</P>
    <P Name="Units">rad/sec</P>
  </Block>
  <Block BlockType="SubSystem" Name="Subsystem" SID="1">
    <P Name="Ports">[2, 2]</P>
    <P Name="Position">[55, 189, 165, 236]</P>
    <P Name="ZOrder">308</P>
    <P Name="StopFcn">% Cart dimensions
x_size = 0.2;
y_size = 0.05;
wheel_radius = 0.025
wheel_pos = 0.08
%%
% Cart body
x = [ - x_size, x_size, x_size, -x_size];
y = [ - y_size, -y_size, y_size, y_size];

%%
g = hgtransform;
%%
patch(&apos;XData&apos;,x,&apos;YData&apos;,y,&apos;FaceColor&apos;,&apos;red&apos;,&apos;Parent&apos;,g)

% Left wheel
theta = linspace(0, 2*pi, 15);
l_x = - wheel_pos + wheel_radius * cos(theta);
l_y = -(y_size + wheel_radius) + wheel_radius * sin(theta);
l = hgtransform;
patch(&apos;XData&apos;,l_x,&apos;YData&apos;,l_y,&apos;FaceColor&apos;,&apos;black&apos;,&apos;Parent&apos;, l)


% Right wheel
r_x = wheel_pos + wheel_radius*cos(theta);
r_y = -(y_size + wheel_radius) + wheel_radius*sin(theta);
r = hgtransform;
patch(&apos;XData&apos;,r_x,&apos;YData&apos;,r_y,&apos;FaceColor&apos;,&apos;black&apos;,&apos;Parent&apos;, r)


% Plot settings
axis equal
title(&apos;Cart animation&apos;)
set(gca,&apos;YColor&apos;,&apos;none&apos;)

xlim([-1.5 1.5])
ylim([-(y_size+2*wheel_radius), 3 * y_size])
set(gca, &apos;Ytick&apos;, [])
pt1 = [0 0 0];
pt2 = [3 0 0];
%%
data_pos = out.sim_data_cart.signals.values(:,1);
tot_time_step=size(out.tout)/10;

%%
for i=1:1:tot_time_step(1)
  transf = makehgtform(&apos;translate&apos;, [1 0 0] * data_pos(i*5));
  set(g, &apos;Matrix&apos;, transf);
  set(l, &apos;Matrix&apos;, transf);
  set(r, &apos;Matrix&apos;, transf);

  %g.Matrix = makehgtform(&apos;translate&apos;, [1 0 0] * data_pos(i));
  %l.Matrix = makehgtform(&apos;translate&apos;, [1 0 0] * data_pos(i));
  %right.Matrix = makehgtform(&apos;translate&apos;, [1 0 0] * data_pos(i));
  %drawnow limitrate
  pause(0.02)
end</P>
    <P Name="RequestExecContextInheritance">off</P>
    <P Name="ContentPreviewEnabled">on</P>
    <Port>
      <P Name="PortNumber">1</P>
      <P Name="Name">position</P>
    </Port>
    <Port>
      <P Name="PortNumber">2</P>
      <P Name="Name">velocity</P>
    </Port>
    <System Ref="system_1"/>
  </Block>
  <Block BlockType="Sum" Name="Sum" SID="88">
    <P Name="Ports">[2, 1]</P>
    <P Name="Position">[-265, 190, -245, 210]</P>
    <P Name="ZOrder">315</P>
    <P Name="Inputs">|+-</P>
  </Block>
  <Block BlockType="Sum" Name="Sum1" SID="100">
    <P Name="Ports">[2, 1]</P>
    <P Name="Position">[-40, 190, -20, 210]</P>
    <P Name="ZOrder">327</P>
    <P Name="Inputs">|++</P>
  </Block>
  <Line>
    <P Name="ZOrder">3</P>
    <P Name="Src">37#out:1</P>
    <P Name="Dst">1#in:2</P>
  </Line>
  <Line>
    <P Name="Name">position</P>
    <P Name="ZOrder">4</P>
    <P Name="Labels">[0, 0]</P>
    <P Name="Src">1#out:1</P>
    <P Name="Points">[23, 0; 0, -55]</P>
    <P Name="Dst">85#in:1</P>
  </Line>
  <Line>
    <P Name="Name">velocity</P>
    <P Name="ZOrder">5</P>
    <P Name="Labels">[0, 0]</P>
    <P Name="Src">1#out:2</P>
    <P Name="Points">[19, 0; 0, 42; -116, 0; 0, 28]</P>
    <Branch>
      <P Name="ZOrder">12</P>
      <P Name="Labels">[1, 1]</P>
      <P Name="Points">[-328, 0]</P>
      <P Name="Dst">88#in:2</P>
    </Branch>
    <Branch>
      <P Name="ZOrder">11</P>
      <P Name="Dst">86#in:1</P>
    </Branch>
  </Line>
  <Line>
    <P Name="ZOrder">13</P>
    <P Name="Src">87#out:1</P>
    <P Name="Points">[11, 0]</P>
    <Branch>
      <P Name="ZOrder">18</P>
      <P Name="Dst">88#in:1</P>
    </Branch>
    <Branch>
      <P Name="ZOrder">14</P>
      <P Name="Points">[0, 110]</P>
      <P Name="Dst">86#in:2</P>
    </Branch>
  </Line>
  <Line>
    <P Name="ZOrder">27</P>
    <P Name="Src">88#out:1</P>
    <P Name="Dst">96#in:1</P>
  </Line>
  <Line>
    <P Name="ZOrder">30</P>
    <P Name="Src">98#out:1</P>
    <P Name="Dst">99#in:1</P>
  </Line>
  <Line>
    <P Name="ZOrder">31</P>
    <P Name="Src">96#out:1</P>
    <P Name="Points">[5, 0]</P>
    <Branch>
      <P Name="ZOrder">33</P>
      <P Name="Points">[0, -105]</P>
      <P Name="Dst">98#in:1</P>
    </Branch>
    <Branch>
      <P Name="ZOrder">32</P>
      <P Name="Points">[62, 0; 0, 34; 83, 0]</P>
      <P Name="Dst">100#in:2</P>
    </Branch>
  </Line>
  <Line>
    <P Name="ZOrder">34</P>
    <P Name="Src">99#out:1</P>
    <P Name="Points">[5, 0]</P>
    <P Name="Dst">100#in:1</P>
  </Line>
  <Line>
    <P Name="ZOrder">35</P>
    <P Name="Src">100#out:1</P>
    <P Name="Dst">1#in:1</P>
  </Line>
</System>
