<?xml version="1.0" encoding="utf-8"?>
<System>
  <P Name="Location">[762, 0, 1543, 822]</P>
  <P Name="SystemRect">[0.000000, 0.000000, 0.000000, 0.000000]</P>
  <P Name="SetExecutionDomain">off</P>
  <P Name="ExecutionDomainType">Deduce</P>
  <P Name="ZoomFactor">97</P>
  <P Name="SimulinkSubDomain">Simulink</P>
  <Block BlockType="Inport" Name="v_m" SID="2">
    <P Name="Position">[-50, 28, -20, 42]</P>
    <P Name="ZOrder">291</P>
  </Block>
  <Block BlockType="Inport" Name="offset&#xA;" SID="33">
    <P Name="Position">[-50, 58, -20, 72]</P>
    <P Name="ZOrder">294</P>
    <P Name="Port">2</P>
  </Block>
  <Block BlockType="SubSystem" Name="Cart&#xA;&#xA;" SID="3">
    <P Name="Ports">[2, 2]</P>
    <P Name="Position">[80, 20, 140, 80]</P>
    <P Name="ZOrder">290</P>
    <P Name="TreatAsAtomicUnit">on</P>
    <P Name="RequestExecContextInheritance">off</P>
    <P Name="ContentPreviewEnabled">on</P>
    <Port>
      <P Name="PortNumber">1</P>
      <P Name="Name">position</P>
      <P Name="PropagatedSignals">pos</P>
    </Port>
    <Port>
      <P Name="PortNumber">2</P>
      <P Name="Name">velocity</P>
      <P Name="PropagatedSignals">vel</P>
    </Port>
    <System Ref="system_3"/>
  </Block>
  <Block BlockType="Outport" Name="position" SID="12">
    <P Name="Position">[255, 28, 285, 42]</P>
    <P Name="ZOrder">292</P>
  </Block>
  <Block BlockType="Outport" Name="velocity" SID="13">
    <P Name="Position">[225, 133, 255, 147]</P>
    <P Name="ZOrder">293</P>
    <P Name="Port">2</P>
  </Block>
  <Line>
    <P Name="Name">velocity</P>
    <P Name="ZOrder">1</P>
    <P Name="Labels">[0, 0]</P>
    <P Name="Src">3#out:2</P>
    <P Name="Points">[22, 0; 0, 75]</P>
    <P Name="Dst">13#in:1</P>
  </Line>
  <Line>
    <P Name="Name">position</P>
    <P Name="ZOrder">3</P>
    <P Name="Labels">[1, 1]</P>
    <P Name="Src">3#out:1</P>
    <P Name="Dst">12#in:1</P>
  </Line>
  <Line>
    <P Name="ZOrder">11</P>
    <P Name="Src">2#out:1</P>
    <P Name="Dst">3#in:1</P>
  </Line>
  <Line>
    <P Name="ZOrder">10</P>
    <P Name="Src">33#out:1</P>
    <P Name="Dst">3#in:2</P>
  </Line>
</System>
