<?xml version="1.0" encoding="utf-8"?>
<System>
  <P Name="Location">[762, 0, 1543, 822]</P>
  <P Name="SystemRect">[0.000000, 0.000000, 0.000000, 0.000000]</P>
  <P Name="SetExecutionDomain">off</P>
  <P Name="ExecutionDomainType">Deduce</P>
  <P Name="ZoomFactor">92</P>
  <P Name="SimulinkSubDomain">Simulink</P>
  <Block BlockType="Inport" Name="In1" SID="4">
    <P Name="Position">[20, 28, 50, 42]</P>
    <P Name="ZOrder">290</P>
  </Block>
  <Block BlockType="Inport" Name="In2" SID="39">
    <P Name="Position">[20, 43, 50, 57]</P>
    <P Name="ZOrder">297</P>
    <P Name="Port">2</P>
  </Block>
  <Block BlockType="Integrator" Name="Integrator" SID="5">
    <P Name="Ports">[1, 1]</P>
    <P Name="Position">[255, 35, 285, 65]</P>
    <P Name="ZOrder">6</P>
    <Port>
      <P Name="PortNumber">1</P>
      <P Name="Name">vel</P>
    </Port>
  </Block>
  <Block BlockType="Integrator" Name="Integrator1" SID="6">
    <P Name="Ports">[1, 1]</P>
    <P Name="Position">[355, 35, 385, 65]</P>
    <P Name="ZOrder">7</P>
    <Port>
      <P Name="PortNumber">1</P>
      <P Name="Name">pos</P>
    </Port>
  </Block>
  <Block BlockType="SubSystem" Name="MATLAB Function" SID="7">
    <P Name="Ports">[3, 1]</P>
    <P Name="Position">[155, 26, 225, 74]</P>
    <P Name="ZOrder">8</P>
    <P Name="ErrorFcn">Stateflow.Translate.translate</P>
    <P Name="PermitHierarchicalResolution">ExplicitOnly</P>
    <P Name="TreatAsAtomicUnit">on</P>
    <P Name="RequestExecContextInheritance">off</P>
    <P Name="SFBlockType">MATLAB Function</P>
    <P Name="ContentPreviewEnabled">on</P>
    <System Ref="system_7"/>
  </Block>
  <Block BlockType="Mux" Name="Mux" SID="8">
    <P Name="Ports">[2, 1]</P>
    <P Name="Position">[530, 56, 535, 94]</P>
    <P Name="ZOrder">296</P>
    <P Name="ShowName">off</P>
    <P Name="Inputs">2</P>
    <P Name="DisplayOption">bar</P>
  </Block>
  <Block BlockType="ToWorkspace" Name="To Workspace1" SID="9">
    <P Name="Ports">[1]</P>
    <P Name="Position">[590, 69, 690, 81]</P>
    <P Name="ZOrder">295</P>
    <P Name="VariableName">sim_data_cart</P>
    <P Name="MaxDataPoints">inf</P>
    <P Name="SaveFormat">Structure With Time</P>
    <P Name="FixptAsFi">on</P>
    <P Name="SampleTime">-1</P>
  </Block>
  <Block BlockType="Outport" Name="Out1" SID="10">
    <P Name="Position">[460, 43, 490, 57]</P>
    <P Name="ZOrder">291</P>
  </Block>
  <Block BlockType="Outport" Name="Out2" SID="11">
    <P Name="Position">[460, 88, 490, 102]</P>
    <P Name="ZOrder">292</P>
    <P Name="Port">2</P>
  </Block>
  <Line>
    <P Name="ZOrder">1</P>
    <P Name="Src">7#out:1</P>
    <P Name="Dst">5#in:1</P>
  </Line>
  <Line>
    <P Name="Name">vel</P>
    <P Name="ZOrder">2</P>
    <P Name="Labels">[1, 1]</P>
    <P Name="Src">5#out:1</P>
    <P Name="Points">[29, 0]</P>
    <Branch>
      <P Name="ZOrder">3</P>
      <P Name="Points">[0, 45]</P>
      <Branch>
        <P Name="ZOrder">4</P>
        <P Name="Points">[97, 0]</P>
        <Branch>
          <P Name="ZOrder">5</P>
          <P Name="Points">[0, -10]</P>
          <P Name="Dst">8#in:2</P>
        </Branch>
        <Branch>
          <P Name="ZOrder">6</P>
          <P Name="Dst">11#in:1</P>
        </Branch>
      </Branch>
      <Branch>
        <P Name="ZOrder">7</P>
        <P Name="Points">[0, 12; -219, 0; 0, -42]</P>
        <P Name="Dst">7#in:3</P>
      </Branch>
    </Branch>
    <Branch>
      <P Name="ZOrder">8</P>
      <P Name="Dst">6#in:1</P>
    </Branch>
  </Line>
  <Line>
    <P Name="ZOrder">9</P>
    <P Name="Src">4#out:1</P>
    <P Name="Dst">7#in:1</P>
  </Line>
  <Line>
    <P Name="Name">pos</P>
    <P Name="ZOrder">10</P>
    <P Name="Labels">[1, 1]</P>
    <P Name="Src">6#out:1</P>
    <P Name="Points">[26, 0]</P>
    <Branch>
      <P Name="ZOrder">11</P>
      <P Name="Points">[0, 15]</P>
      <P Name="Dst">8#in:1</P>
    </Branch>
    <Branch>
      <P Name="ZOrder">12</P>
      <P Name="Dst">10#in:1</P>
    </Branch>
  </Line>
  <Line>
    <P Name="ZOrder">13</P>
    <P Name="Src">8#out:1</P>
    <P Name="Dst">9#in:1</P>
  </Line>
  <Line>
    <P Name="ZOrder">14</P>
    <P Name="Src">39#out:1</P>
    <P Name="Dst">7#in:2</P>
  </Line>
</System>
